{"stats":{"minecraft:mined":{"minecraft:grass_block":4,"minecraft:cherry_planks":1,"biomesoplenty:white_petals":1,"minecraft:cherry_log":1,"minecraft:ice":5,"biomesoplenty:tundra_shrub":1},"minecraft:used":{"minecraft:dirt":4,"minecraft:bread":2,"minecraft:cherry_planks":1},"minecraft:picked_up":{"minecraft:cherry_planks":1,"minecraft:cherry_log":1,"minecraft:dirt":4},"minecraft:crafted":{"minecraft:cherry_planks":4},"minecraft:custom":{"minecraft:time_since_rest":4942,"minecraft:open_chest":1,"minecraft:interact_with_smithing_table":1,"minecraft:waystone_activated":1,"minecraft:sprint_one_cm":51142,"minecraft:interact_with_furnace":1,"minecraft:play_time":10706,"minecraft:damage_taken":20,"minecraft:walk_one_cm":30596,"minecraft:jump":368,"minecraft:damage_dealt":10,"minecraft:leave_game":3,"minecraft:time_since_death":10706,"minecraft:sleep_in_bed":1,"minecraft:total_world_time":10706,"minecraft:fall_one_cm":7114,"minecraft:fly_one_cm":134822}},"DataVersion":3465}