{
  "dungeons_arise:wda_root": {
    "criteria": {
      "WDA": "2024-05-21 07:05:18 +0000"
    },
    "done": true
  },
  "minecraft:recipes/decorations/crafting_table": {
    "criteria": {
      "unlock_right_away": "2024-05-21 07:05:18 +0000"
    },
    "done": true
  },
  "minecraft:adventure/adventuring_time": {
    "criteria": {
      "minecraft:frozen_river": "2024-05-21 07:20:33 +0000",
      "minecraft:snowy_plains": "2024-05-21 07:05:54 +0000",
      "minecraft:swamp": "2024-05-21 07:05:20 +0000"
    },
    "done": false
  },
  "mca:root": {
    "criteria": {
      "village_snowy": "2024-05-21 07:05:54 +0000"
    },
    "done": true
  },
  "mekanism:root": {
    "criteria": {
      "automatic": "2024-05-21 07:20:08 +0000"
    },
    "done": true
  },
  "DataVersion": 3465
}